ai人工智能兼职讲师,北京自兴信息咨询有限公司,30K-60K,本科
课程/招生顾问（人工智能/大数据/区块链）,上海沁华广告策划有限公司,10K-15K,大专
课程咨询师（区块链/人工智能/数据分析）,上海沁华广告策划有限公司,10K-15K,大专
3、人工智能工程师,上海飒智智能科技有限公司,10K-20K,本科
行业好 资源优  AI人工智能课程销售,上海沁华广告策划有限公司,10K-15K,中专
课程顾问（人工智能）网销氛围好加班少,上海沁华广告策划有限公司,10K-15K,中专
AI人工智能课程销售代表,上海沁华广告策划有限公司,8K-10K,中专
人工智能算法专家,优刻得科技股份有限公司,20K-40K,本科
算法测试工程师（智能驾驶方向）,上海同辂智能科技有限公司,8K-12K,本科
软件开发工程师（人工智能、视频识别、激光雷达、SLAM技术方向）,卡斯柯信号,薪资面议,硕士
空间运营经理,上海摩尼人工智能科技有限公司,10K-15K,本科
AI人工智能系统设计工程师(AI Logical Designer),金谕颐物联网科技(上海)有限公司,6K-10K,本科
人工智能算法工程师,上海电器科学研究所,薪资面议,硕士
业务副总裁（物联网+人工智能产品）,昆山英莱特电子科技有限公司,100K-150K,硕士
人工智能专家,陕西众信超达科技有限公司,20K-40K,博士
人工智能算法工程师,上海复瞰科技有限公司,20K-40K,硕士
车联网推广销售总监（物联网+人工智能）,昆山英莱特电子科技有限公司,100K-150K,本科
资深电子硬件研发人员（物联网+人工智能产品）,昆山英莱特电子科技有限公司,100K-150K,本科
资深电子软件研发工程师（物联网+人工智能）,昆山英莱特电子科技有限公司,100K-150K,本科
研发副总载（物联网+人工智能）,昆山英莱特电子科技有限公司,100K-150K,硕士
机器视觉人工智能AI软件设计工程师,中邮科技有限责任公司上海分公司,20K-30K,硕士
政府机构商务拓展总监（物联网+人工智能）,昆山英莱特电子科技有限公司,100K-150K,硕士
智慧城市推广销售总监（物联网+人工智能）,昆山英莱特电子科技有限公司,100K-150K,本科
智慧城市产品研发总监（物联网+人工智能）,昆山英莱特电子科技有限公司,100K-150K,硕士
智能技术加速器主管,启迪漕河泾(上海)开发有限公司,7K-9K,本科
智能交通销售经理,北京文通科技有限公司,15K-20K,大专
物联网+人工智能云平台研发总监,昆山英莱特电子科技有限公司,100K-150K,硕士
智能传感器/芯片研发总监（物联网+人工智能）,昆山英莱特电子科技有限公司,100K-150K,硕士
人工智能产业咨询顾问,上海元雀信息科技有限公司,20K-30K,硕士
人工智能高级工程师,上海启茂信息科技有限公司,15K-20K,硕士
销售经理 （语言智能产品）,上海佑译信息科技有限公司,10K-15K,大专
人工智能组量化岗位,昧来网络科技(上海)有限公司,8K-10K,本科
人工智能工程师,上海驭矩信息科技有限公司,20K-30K,本科
［实习］标注专员－大型语音人工智能项目,上海全深商务服务有限公司,2.4K-4K,大专
招商经理,双屹(上海)人工智能科技有限公司,8K-10K,学历不限
销售代表,双屹(上海)人工智能科技有限公司,8K-10K,学历不限
招商助理,双屹(上海)人工智能科技有限公司,6K-8K,学历不限
招商专员,双屹(上海)人工智能科技有限公司,5K-10K,学历不限
NLP自然语言处理工程师,圆通速递有限公司,15K-25K,硕士
软件工程师-智能手术机器人项目,上海逸动医学科技有限公司,12K-16K,本科
咨询研究员,佐智（上海）医疗科技有限公司,8K-10K,硕士
Alot智能硬件销售专员/月入过万,三体云智能科技有限公司,12K-24K,大专
助理楼宇自控与智能化技术工程师,上海安锐盟企业服务有限公司,5K-10K,本科
深度学习算法工程师,圆通速递有限公司,15K-25K,硕士
应用工程师-智能手术机器人项目,上海逸动医学科技有限公司,10K-15K,本科
客户服务中心-智能服务规划岗,太平金融科技服务(上海)有限公司,8K-12K,本科
产品经理（智能客服方向）,易谷网络科技股份有限公司,15K-25K,大专
楼宇自控与智能化技术工程师,上海安锐盟企业服务有限公司,10K-20K,本科
人工智能与机器学习工程师（上海）,顺丰速运,薪资面议,硕士
人工智能编程讲师-上海,童程童美,薪资面议,本科
大数据架构师,上海大唐移动通信设备有限公司,20K-28K,本科
智能科技销售经理（北京/上海）,深圳市鼎峰达管理咨询有限公司,25K-37.5K,本科
软件开发工程师,中国科学院上海高等研究院,8K-10K,本科
web前端开发,北京汉克时代科技有限公司上海分公司,14K-16K,本科
★急招销售/高提成/年均20W（客户经理/政府项目申报/咨询顾问）,上海高集商务咨询有限公司,15K-20K,本科
智能物联网销售/AI智能硬件销售,三体云智能科技有限公司,15K-20K,大专
助理楼宇自控与智能化工程师,上海安锐盟企业服务有限公司,5K-10K,本科
业务拓展经理,上海闳照文化传媒有限公司,8K-15K,大专
销售代表,上海潍正信息技术有限公司,6K-8K,大专
猎头顾问,上海贯博企业管理咨询有限公司,10K-15K,本科
阿里云智能事业群-云业务经理（泛互联网）-上海,阿里巴巴集团,薪资面议,本科
应用工程师,上海易教信息科技有限公司,10K-15K,本科
物流专员,江苏满运软件科技有限公司,8K-10K,大专
AI解决方案高级咨询经理(J10849),北京明略软件系统有限公司,20K-30K,本科
AI解决方案项目经理(J10850),北京明略软件系统有限公司,15K-20K,本科
课程顾问 电话销售,上海傲梦网络科技有限公司,9K-16K,本科
AI算法工程师,上海挚飞信息科技有限公司,20K-30K,本科
软件开发工程师（浙江某工业设备智能维护的科技公司）,杭州宇宙企业管理有限公司,15K-20K,本科
金融电话销售 无责底薪4800+双休+提成,敬悦商务（上海总部）,10K-15K,大专
高级招商主管/专员,普道(上海)信息科技有限公司,10K-20K,本科
高级行业咨询师（售前高级顾问）,思凯迈(福州)科技有限公司,15K-20K,硕士
软件测试工程师（之江智能）,上海之江生物科技股份有限公司,5K-10K,本科
前端开发工程师 ,上海焕一生物科技有限公司,10K-20K,本科
Wen前端开发工程师（工作地点：南京）,图灵人工智能研究院(南京)有限公司,20K-30K,本科
上市金融-客户专员 月薪1.5万+5险1金,上海上巢实业有限公司,10K-15K,大专
高薪招商主管,普道(上海)信息科技有限公司,15K-20K,本科
激光雷达测试主管工程师,上海机动车检测认证技术研究中心有限公司,15K-20K,学历不限
机器视觉产品经理,上海倍吉电子科技有限公司,10K-15K,本科
品牌/产品市场营销总监,上海梅歌文化传播有限公司,15K-20K,本科
专利代理人/工程师（上海）,隆天国际知识产权代理有限公司,10K-20K,硕士
市场营销总监,上海梅歌文化传播有限公司,15K-20K,本科
全栈工程师,上海塔莫信息科技有限公司,15K-25K,本科
区域销售经理,合肥图鸭信息科技有限公司,10K-15K,本科
技术支持工程师（智能大厦/弱电安防）,上海悠络客电子科技股份有限公司,6K-8K,大专
推荐算法工程师,阿基米德(上海)传媒有限公司,30K-50K,硕士
激光雷达测试工程师,上海机动车检测认证技术研究中心有限公司,10K-15K,本科
会计,深思考人工智能机器人科技(北京)有限公司,5K-7K,本科
采购经理(产品开发）,上海梅歌文化传播有限公司,8K-10K,大专
前端静态工程师,同业云(上海)人工智能科技有限公司,8K-10K,本科
高级采购经理,上海梅歌文化传播有限公司,8K-10K,本科
礼品渠道大客户总监,上海梅歌文化传播有限公司,15K-20K,本科
React开发工程师（兼职）,同业云(上海)人工智能科技有限公司,10K-20K,本科
天猫淘宝网络运营推广店长,上海九牛网络科技有限公司,5K-10K,本科
国际业务部韩语翻译（笔译）,携程计算机技术(上海)有限公司,8K-10K,本科
运动算法工程师,上海铼锶信息技术有限公司,18K-25K,本科
量化策略经理,上海汇银（集团）有限公司,20K-35K,本科
销售代表/课程顾问/薪资过万,上海傲梦网络科技有限公司,8K-15K,大专
皮肤科医生,浙江自贸区拜占庭人工智能科技有限公司,20K-30K,学历不限
行政助理,上海深至信息科技有限公司,12K-13K,本科
算法交易研究员,上海远澜信息技术有限公司,15K-30K,本科
医美运营总监,浙江自贸区拜占庭人工智能科技有限公司,30K-50K,本科
期货专员  底薪6K 月薪平均1.2万+,敬悦商务（上海总部）,10K-15K,大专
Python开发工程师,上海内威职业技能培训学校,6K-8K,大专
ZN-007-资深Unity开发工程师,上海金堂置业有限公司,20K-30K,本科
标准化工程师（主管）,中联重科股份有限公司,20K-40K,本科
搜索与NLP部-产品运营,北京三快在线科技有限公司,薪资面议,本科
底薪5千+补贴1千+提成（期货专员）,上海石擎商务咨询有限公司,10K-15K,大专
算法工程师（工业能源领域）,中移(上海)信息通信科技有限公司,薪资面议,本科
软件售后支持工程师,北京捷通华声科技股份有限公司,10K-20K,本科
（总部）Java工程师,上海源耀生物股份有限公司,8K-15K,本科
会议销售经理,Datacenter Dynamics,9.9K-15K,本科
C++开发工程师,北京构力科技有限公司,9K-15K,本科
首席技术总监,上海冠萌达商务信息咨询有限公司,25K-50K,本科
程序化策略研究员,上海火线资产管理有限公司,20K-30K,本科
ZN-013-网站/APP产品经理,上海金堂置业有限公司,15K-25K,本科
猎头实习生,上海昂拓企业管理有限公司,3K-4K,本科
IT项目经理,上海淘利资产管理有限公司,15K-30K,本科
前端开发工程师,中国航发商用航空发动机有限责任公司,薪资面议,本科
高级java开发工程师,上海源耀生物股份有限公司,15K-25K,大专
高级web前端开发,同业云(上海)人工智能科技有限公司,16K-23K,大专
售前支持总监（售前咨询）,北京捷通华声科技股份有限公司,25K-50K,本科
语音识别算法工程师,碧桂园控股,薪资面议,本科
高薪诚聘课程顾问,上海高顿企业管理咨询有限公司,12K-18K,大专
前端开发工程师（移动混合开发）,同业云(上海)人工智能科技有限公司,10K-15K,本科
销售总监,北京捷通华声科技股份有限公司,25K-50K,本科
嵌入式软件开发,江苏创通电子股份有限公司,10K-15K,本科
高级前端开发工程师,同业云(上海)人工智能科技有限公司,15K-20K,本科
售前技术支持工程师,北京捷通华声科技股份有限公司,10K-20K,本科
交通工程师,上海电科智能系统股份有限公司,8K-15K,本科
（宝尊2020校招）开发工程师G02282,上海宝尊电子商务有限公司,13K-15K,本科
智能驾驶研究产品经理,帝亚一维新能源汽车有限公司,10K-20K,本科
高级咨询顾问,智联RPO,20K-30K,本科
项目经理（实施交付）,北京捷通华声科技股份有限公司,15K-30K,本科
（总部）测试工程师,上海源耀生物股份有限公司,10K-18K,大专
商务助理,美数信息科技(上海)有限公司,5K-8K,大专
幼儿/少儿英语老师（浦江）,雄潮科技(上海)有限责任公司,5K-10K,大专
市场总监/市场经理,西安人瑞人力资源服务有限公司,10K-15K,大专
部门助理,美数信息科技(上海)有限公司,4K-8K,大专
售前解决方案经理,深圳光启高等理工研究院,15K-20K,本科
风控建模,成都天符人瑞教育有限公司5,15K-20K,本科
底薪6k|销售专员（应届生）,上海傲梦网络科技有限公司,8K-13K,大专
科创课程讲师,上海烩客科技有限公司,8K-14K,本科
高薪课程顾问（大小休 福利待遇好）,上海傲梦网络科技有限公司,10K-15K,大专
销售顾问（带薪培训+精准客户）,上海傲梦网络科技有限公司,10K-15K,大专
应届生-研发岗,维正知识产权服务有限公司,20K-30K,本科
课程顾问（提供房源+精准客户）,上海傲梦网络科技有限公司,10K-15K,大专
销售经理（区域：上海）,北京捷通华声科技股份有限公司,10K-20K,本科
软件项目经理（金融项目背景）,深圳市法本信息技术股份有限公司,20K-30K,本科
用户研究员 知名金融科技企业,北京外企德科人力资源服务上海有限公司,9K-12K,本科
互联网销售经理,金瓜子科技发展(北京)有限公司,15K-20K,大专
互联网猎头顾问-只合作BAT和Global类客户,上海博赫管理咨询有限公司,5K-10K,本科
IT Senior Engineer总部IT资深工程师,百胜中国,15K-25K,本科
深度学习算法工程师,碧桂园控股,薪资面议,硕士
计算机视觉硬件分析师,上海布眼人工智能科技有限公司,8K-10K,本科
边缘计算工程师,中移(上海)信息通信科技有限公司,薪资面议,硕士
CV算法资深工程师2801,OPPO广东移动通信有限公司,30K-50K,硕士
电商AI系统数据分析师,百胜中国,20K-30K,本科
交付经理,深圳市法本信息技术股份有限公司,15K-20K,本科
对账运营助理 知名金融科技平台 财务优先,北京外企德科人力资源服务上海有限公司,6K-7K,本科
ISO27001审核员,广州赛宝认证中心服务有限公司,8K-15K,本科
高级算法工程师（工业能源领域）,中移(上海)信息通信科技有限公司,薪资面议,硕士
Java开发工程师,瞬联讯通科技(北京)有限公司,15K-30K,本科
博士后助理研究员,中国科学院上海微系统与信息技术研究所,10K-20K,博士
纺织机械工程师,上海布眼人工智能科技有限公司,10K-15K,大专
SFJ-运筹优化算法工程师,顺丰科技有限公司,薪资面议,硕士
用户研究员 知名金融科技平台,北京外企德科人力资源服务上海有限公司,8K-12K,本科
产品总监,上海傲梦网络科技有限公司,30K-40K,本科
前端开发工程师,中移(上海)信息通信科技有限公司,薪资面议,本科
算法量化工程师2799,OPPO广东移动通信有限公司,30K-50K,硕士
解决方案经理,中国联合网络通信有限公司上海市分公司,15K-20K,本科
幕墙工程师,深圳摩墅狮人工智能有限公司,5K-9K,大专
高级数据分析师-子公司ZRobot,京东数字科技控股有限公司  ,25K-40K,本科
课程顾问/课程规划/高薪,上海傲梦网络科技有限公司,15K-20K,大专
文本数据标注专员,上海宏原信息科技有限公司,4K-6K,大专
销售经理（上海）,优地网络有限公司,10K-15K,大专
前端开发工程师,上海焕一生物科技有限公司,20K-40K,本科
产品经理,深圳市法本信息技术股份有限公司,15K-25K,本科
PBL课程研发,上海优必杰教育科技有限公司,7K-12K,本科
医学总监,上海焕一生物科技有限公司,20K-38K,硕士
20K销售顾问（少儿编程）,上海傲梦网络科技有限公司,11K-20K,大专
客户总监（AD）-SH,北京深演智能科技股份有限公司,25K-40K,本科
软件交付项目经理,深圳市法本信息技术股份有限公司,20K-30K,本科
前端工程师,上海布眼人工智能科技有限公司,8K-12K,本科
AI高级研发工程师,久瓴(上海)智能科技有限公司,20K-30K,本科
电气工程师,上海布眼人工智能科技有限公司,4K-6K,大专
项目经理,同业云(上海)人工智能科技有限公司,15K-20K,大专
大客户销售,深圳摩墅狮人工智能有限公司,8K-15K,大专
设计院推广专员,深圳摩墅狮人工智能有限公司,5K-8K,大专
机器学习工程师,上海数享信息技术有限公司,20K-30K,硕士
产品经理（智能内容）,上海恒生聚源数据服务有限公司,10K-15K,本科
售前技术工程师,上海迈外迪网络科技有限公司北京分公司,10K-20K,本科
编程课程顾问-央视认证销售,上海傲梦网络科技有限公司,11K-20K,大专
c/c++软件工程师（AGV）,上海飒智智能科技有限公司,8K-15K,本科
日企财务行政助理(编号107137) 日语必须,上海艾杰飞人力资源有限公司,5.6K-7.1K,大专
金融销售经理,北京知因智慧数据科技有限公司,15K-25K,本科
麦当劳—平台架构师,北京外企德科人力资源服务上海有限公司,30K-50K,本科
技术支持工程师（售前/实施）,北京捷通华声科技股份有限公司,10K-20K,本科
AI开发工程师,瞬联讯通科技(北京)有限公司,9K-18K,本科
运维工程师,北京捷通华声科技股份有限公司,10K-20K,本科
标注专员,深圳市法本信息技术股份有限公司,6K-8K,大专
算法工程师（校园招聘）,上海微盟企业发展有限公司,16K-18K,本科
java开发工程师,中科软科技股份有限公司,8K-12K,本科
标注专员,深圳市法本信息技术股份有限公司,4K-6K,大专
项目经理（大数据、云计算）,深圳市法本信息技术股份有限公司,18K-25K,本科
企划助理/销售助理 知名金融科技平台,北京外企德科人力资源服务上海有限公司,6K-8K,大专
系统工程师（上海）,仲利国际租赁有限公司,5K-8K,本科
客户经理（AM）-SH,北京深演智能科技股份有限公司,15K-25K,本科
linux测试工程师,东软云科技有限公司,10K-15K,本科
日企采购担当(编号115079) 日语英语必须,上海艾杰飞人力资源有限公司,10K-15K,硕士
策略运营(J11720),上海钧正网络科技有限公司,15K-30K,本科
急：python开发,中软国际科技服务有限公司,薪资面议,大专
实施工程师,北京捷通华声科技股份有限公司,10K-20K,本科
AI Lab研究员,北京字节跳动科技有限公司,15K-30K,硕士
AI Lab实习生 - 自然语言处理,北京字节跳动科技有限公司,6K-10K,本科
AI-Lab语音算法工程师 - 音频内容理解与AI创作方向,北京字节跳动科技有限公司,25K-50K,本科
高级软件开发工程师（上海）(J11642),北京华宇信息技术有限公司,10K-20K,硕士
AI算法工程师,上海天华建筑设计有限公司,11K-22K,本科
日企市场企划担当(编号111492) 日语必须,上海艾杰飞人力资源有限公司,8.1K-9.3K,大专
音频AI优化工程师 - 互娱研发,北京字节跳动科技有限公司,30K-60K,本科
Lab Operations Manager,中软国际科技服务有限公司,薪资面议,本科
机器学习架构师3923,OPPO广东移动通信有限公司,30K-50K,本科
高薪销售-课程顾问15K到30K,上海傲梦网络科技有限公司,6K-9K,大专
智能汽车电子研发总监（车联网+AI车载电子）,昆山英莱特电子科技有限公司,100K-150K,硕士
金融行业+客户专员+底薪4800,上海屿图信息科技中心,10K-15K,大专
金融销售 客户专员 月薪12000+双休+6金 ,敬悦商务（上海总部）,10K-15K,大专
产品总助,久瓴(上海)智能科技有限公司,15K-25K,本科
月薪2万+双休 金融销售（电销+网销）,敬悦商务（上海总部）,10K-15K,大专
UE交互设计师,上海适途汽车技术有限公司,10K-15K,本科
上市金融 客户专员 月薪1.5万 双休,敬悦商务（上海总部）,10K-15K,大专
金融销售 底薪5800 月薪2万 双休,敬悦商务（上海总部）,10K-15K,大专
期货专员（开户、激活账户）月薪1万+5险1金,敬悦商务（上海总部）,10K-15K,大专
挑战高薪的课程顾问,海风教育,15K-20K,大专
深度学习,三门峡崤云安全服务有限公司,10K-20K,本科
点评平台—资深图像算法工程师,北京三快在线科技有限公司,薪资面议,本科
K12课程研发/STEAM教育培训师,上海优必杰教育科技有限公司,6K-10K,本科
销售,北京眼神科技有限公司,8K-11K,大专
HRBP（技术/产品研发部门） (MJ001747),上海依图网络科技有限公司,25K-50K,本科
销售顾问/互联网/AIoT/无责任5000,三体云智能科技有限公司,15K-30K,大专
数据中心规划建设经理,江苏沙钢集团有限公司,30K-50K,本科
量化策略研究员,北京天盛京享科技有限公司,15K-20K,大专
金融开户专员 月薪1万+五险一金,上海石擎商务咨询有限公司,10K-15K,大专
客户专员（高薪）,上海恋淼商务信息咨询有限公司,8K-10K,大专
投资理财顾问 底薪5k+补贴1k+提成,上海石擎商务咨询有限公司,10K-15K,大专
英语翻译 不加班 六险一金 下午茶 行政班次,湖北挚才商务信息咨询有限公司,8K-12K,本科
K12课程研发/STEAM教育培训师,上海优必杰教育科技有限公司,6K-10K,本科
研发经理/招聘主管,上海湖润文化艺术发展中心(有限合伙),15K-30K,学历不限
ISO27001ISO20000国家注册审核员（全国）,杭州证客信息科技有限公司,20K-30K,本科
上市公司 客户专员 月薪1.5万+,上海石擎商务咨询有限公司,10K-15K,大专
讲师,上海湖润文化艺术发展中心(有限合伙),15K-30K,本科
上市公司，期货，客户专员,上海恋淼商务信息咨询有限公司,15K-20K,大专
算法工程师（高级）(J10837),北京明略软件系统有限公司,15K-30K,硕士
投资理财顾问 底薪5800+双休+提成,敬悦商务（上海总部）,10K-15K,大专
期货专员 底薪5K+提成 月薪过万,敬悦商务（上海总部）,10K-15K,大专
业务开发主管(J10750),上海联影医疗科技有限公司,8K-16K,学历不限
青浦上市金融投顾五险双休,上海晨彧商务信息咨询有限公司,15K-20K,大专
深度学习工程师,上海宣优技术服务中心,16K-25K,本科
金融 销售 底薪5.8K 月薪2W+,上海石擎商务咨询有限公司,10K-15K,大专
英语老师 周末双休不加班 薪资8-12K 下午茶 六险,湖北挚才商务信息咨询有限公司,8K-12K,本科
英语助教 薪资稳定 行政班次 六险 下午茶,湖北挚才商务信息咨询有限公司,8K-12K,本科
金融客户专员双休高提成,上海恋淼商务信息咨询有限公司,15K-20K,大专
 K12课程研发/STEAM教育培训师,上海优必杰教育科技有限公司,7K-10K,本科
金融网络销售+五险+双休+上市公司,上海晨彧商务信息咨询有限公司,15K-20K,大专
激光点云算法工程师,上海狮尾智能化科技有限公司,10K-15K,硕士
金融 客户专员 底薪5k+补贴1k+提成,上海石擎商务咨询有限公司,10K-15K,大专
猎头顾问+高级寻访师+无经验一对一帮带,上海即郅企业管理咨询有限公司,8K-10K,本科
资深推荐算法工程师-比心科技,嘉驰国际,25K-50K,本科
K12科创老师培训/ STEAM教育师资培训,上海优必杰教育科技有限公司,7K-14K,本科
29777-金融云银行业务架构师（北/上/深圳）（上海）,深圳市腾讯计算机系统有限公司,薪资面议,学历不限
[ATG]Bigdata Solution Lead,埃森哲(中国)有限公司,薪资面议,大专
课程研发,上海优必杰教育科技有限公司,8K-10K,本科
课程研发,上海优必杰教育科技有限公司,8K-10K,本科
K12在线教育 招生顾问,上海乂学教育科技有限公司,10K-15K,大专
医学经理-外资制药-上海,任仕达企业管理(上海)有限公司深圳分公司,20K-30K,硕士
投资/理财顾问 月薪1.2万+双休+5险1金,敬悦商务（上海总部）,10K-15K,大专
期货金融 客户专员 月薪1万+6金,上海石擎商务咨询有限公司,10K-15K,大专
渠道销售经理/总监,上海中信信息发展股份有限公司,10K-18K,本科
调度算法工程师,山西东杰智能物流装备股份有限公司,20K-30K,本科
市场推广,上海神弋智能科技有限公司,7K-12K,本科
期货专员 上市公司 底薪6K 月薪平均1.2万+,敬悦商务（上海总部）,10K-15K,大专
29777-金融云银行行业售前架构师（北/上/深）（上海）,深圳市腾讯计算机系统有限公司,薪资面议,学历不限
创意美术经理,中科云从科技,15K-25K,本科
期货投资专员 月薪12k-20k,上海上巢实业有限公司,10K-15K,大专
Python技术支持工程师（上海）,北京推想科技有限公司,8K-15K,大专
大数据分析师,上海市住房保障和房屋管理局人才服务考核评价中心,10K-15K,本科
IT部Data&AI项目实习生,上海药明生物技术有限公司,2K-4K,本科
产品经理,易谷网络科技股份有限公司,18K-25K,本科
教育名企 销售顾问,上海乂学教育科技有限公司,10K-15K,大专
上市金融 开户专员 底薪5.8k+提成+6金,上海石擎商务咨询有限公司,10K-15K,大专
期货专员网销/电销底薪6K 优质客户资源高薪,敬悦商务（上海总部）,10K-15K,大专
大客户代表（SaaS系统）,三体云智能科技有限公司,12K-24K,大专
薪酬专员 (MJ001673),上海依图网络科技有限公司,10K-20K,本科
园区招商经理,宏泰发展,8K-12K,本科
电话邀约专员TMK,上海乂学教育科技有限公司,8K-10K,大专
售前经理,北京捷通华声科技股份有限公司,15K-30K,本科
校园招聘专员 (MJ001664),上海依图网络科技有限公司,10K-20K,本科
技术研究规划岗,上交所技术有限责任公司,薪资面议,硕士
算法工程师-鼎富科技-华东交付中心,北京神州泰岳软件股份有限公司,15K-30K,硕士
AI训练师,深圳麦亚信科技股份有限公司,4.5K-7K,大专
期货理财顾问 底薪4800+津贴1000+提成,上海上巢实业有限公司,10K-15K,大专
后端开发工程师（泛安防产品） (MJ001955),上海依图网络科技有限公司,15K-30K,本科
大数据开发工程师,上海宣优技术服务中心,8K-16K,本科
期货专员 网销/电销上市公司月薪平均1.2万+,敬悦商务（上海总部）,10K-15K,大专
售后续费班主任,上海乂学教育科技有限公司,10K-15K,大专
金融销售 底薪5800 月薪1.5万+,上海上巢实业有限公司,10K-15K,大专
python工程师,深圳麦亚信科技股份有限公司,10K-15K,本科
经执委-数据产品研发中心-金融工程分析师岗,国金证券股份有限公司,15K-20K,硕士
脑科学研究专家（上海）,浙江我武生物科技股份有限公司,20K-40K,博士
解决方案架构师（泛安防） (MJ001555),上海依图网络科技有限公司,15K-30K,本科
运维工程师-上海中山公园,上海合胜计算机科技股份有限公司,15K-30K,本科
上市金融 月薪1W-3W 聘-客户专员,上海石擎商务咨询有限公司,10K-15K,大专
期货专员 网销/电销 底薪6K 月薪平均1.2万,敬悦商务（上海总部）,10K-15K,大专
医学经理-肿瘤-上海,任仕达企业管理(上海)有限公司深圳分公司,30K-50K,硕士
金融开户专员 底薪5800 月薪12000+,敬悦商务（上海总部）,15K-20K,大专
交付工程师,上海合胜计算机科技股份有限公司,15K-30K,本科
员工关系主管/经理 (MJ001709),上海依图网络科技有限公司,18K-36K,本科
4SW08嵌入式软件工程师,中国科学院上海微系统与信息技术研究所,8K-16K,硕士
技术项目经理,公牛集团有限公司,15K-20K,本科
Java开发工程师,北京神州新桥科技有限公司,12K-16K,本科
课程顾问（线上编程）,上海傲梦网络科技有限公司,10K-15K,大专
26381-腾讯云文旅行业高级运营经理（上海/武汉）（上海）,深圳市腾讯计算机系统有限公司,薪资面议,学历不限
开发工程师AI方向,光大证券股份有限公司,10K-20K,本科
22989-开源技术规划专家（上海）,深圳市腾讯计算机系统有限公司,薪资面议,学历不限
2020满帮集团-校园大使,江苏满运软件科技有限公司,2K-4K,本科
高薪课程销售（淞虹路）,上海傲梦网络科技有限公司,15K-20K,大专
25664-政务售前架构师-智慧城市方向（上海）,深圳市腾讯计算机系统有限公司,薪资面议,学历不限
软件开发工程师,北京神州新桥科技有限公司,12K-17K,本科
Python开发工程师,大连斯锐信息技术有限公司,15K-20K,本科
硬件产品经理,上海复星高科技（集团）有限公司,15K-30K,本科
销售总监（医学显微镜）,上海复星高科技（集团）有限公司,30K-60K,本科
课程顾问,上海傲梦网络科技有限公司,20K-30K,大专
海外项目经理（安防解决方案） (MJ001811),上海依图网络科技有限公司,20K-40K,本科
市场营销管培生,上海清鹤科技股份有限公司,6K-10K,本科
（总部）Java开发经理,上海源耀生物股份有限公司,15K-20K,本科
【期货专员】上市公司 薪资高/福利好,上海石擎商务咨询有限公司,10K-15K,大专
nlp研发工程师,上海信医科技有限公司,20K-40K,硕士
店小蜜训练师,上海百秋电子商务有限公司,6K-8K,大专
HRIS主管 (MJ001657),上海依图网络科技有限公司,12K-24K,本科
大客户经理,深圳市凌宜科技有限公司,8K-12K,大专
架构师,上海润利电梯配件技术开发有限公司,20K-35K,本科
Java高级开发工程师,东方网力科技股份有限公司,15K-30K,本科
php开发,上海煜喜环保科技有限公司,8K-10K,大专
研究经理/高级研究经理（消费者方向）,广州筷子信息科技有限公司,15K-25K,本科
安全工具研发工程师,中电科网络空间安全研究院有限公司,薪资面议,本科
期货专员 网销/电销 底薪6K 月薪平均1.2万+,敬悦商务（上海总部）,10K-15K,大专
海外会议销售（R6）,上海华昂商务咨询有限公司,10K-15K,大专
新技术研究工程师（金融科技领域）,中移(上海)信息通信科技有限公司,薪资面议,硕士
产品营销经理（泛安防产品） (MJ001883),上海依图网络科技有限公司,15K-30K,本科
高级大数据工程师（智慧交通领域）,中移(上海)信息通信科技有限公司,薪资面议,本科
软件开发工程师,上海思拓测量技术有限公司,15K-20K,本科
产品经理,上海大微物流科技有限公司,13K-20K,本科
ELK架构师,北京伟仕佳杰信息技术服务有限公司,25K-35K,本科
算法工程师（金融科技领域）,中移(上海)信息通信科技有限公司,薪资面议,本科
产品经理,上海李和杜筑作室内装饰设计有限公司,10K-15K,本科
前端开发工程师,深圳市小小金融服务有限公司,15K-30K,本科
JAVA开发工程师,上海梅斯医药科技有限公司,11K-16K,本科
AE动效设计师,上海适途汽车技术有限公司,12K-18K,大专
电商运营,深圳摩墅狮人工智能有限公司,10K-15K,本科
系统测试工程师,特斯联(北京)科技有限公司,12K-18K,本科
量化投资经理-上海证券自营分公司(J11389),东北证券股份有限公司,薪资面议,硕士
高级算法工程师（金融科技领域）,中移(上海)信息通信科技有限公司,薪资面议,本科
国际会议大客户经理,上海华昂商务咨询有限公司,8K-10K,大专
车联网需求分析师,深圳联想懂的通信有限公司,8K-12K,本科
高级产品经理,上海李和杜筑作室内装饰设计有限公司,20K-30K,本科
方案经理,上海优必杰教育科技有限公司,10K-18K,大专
平头哥-AI芯片-编译器技术专家,阿里巴巴集团,薪资面议,本科
销售总监,山东领信信息科技股份有限公司,13K-25K,本科
数据库开发工程师（DBA）12,上海复深蓝软件股份有限公司,7K-14K,学历不限
销售经理/客户经理,北京四维智联科技有限公司,15K-20K,学历不限
客服专员,上海隆长信息技术有限公司,6K-8K,大专
3D图形算法工程师,天津正丽科技有限公司,12K-16K,本科
算法工程师（智慧交通领域）,中移(上海)信息通信科技有限公司,薪资面议,本科
高级新技术研究（金融科技领域）,中移(上海)信息通信科技有限公司,薪资面议,硕士
仿真应用工程师,上海易教信息科技有限公司,10K-15K,本科
网络金融总部-AI算法产品经理,申万宏源证券有限公司,10K-15K,硕士
ISO27001审核员,中国电子产品可靠性与环境试验研究所(工业和信息化部电子第五研究所)(中国赛宝实验室),6K-12K,本科
车货配平台研发总监/韵达,上海东普信息科技有限公司,50K-100K,本科
java高级软件工程师,上海画心智能科技有限公司,12K-18K,本科
互联网产品经理,上海李和杜筑作室内装饰设计有限公司,15K-20K,本科
广告总监,杭州五色云文化传播有限公司,10K-20K,本科
审核员,中国电子产品可靠性与环境试验研究所(工业和信息化部电子第五研究所)(中国赛宝实验室),8K-15K,本科
文案策划,爱布(上海)人工智能科技有限公司,6K-8K,大专
后端产品经理,360金融,12K-24K,本科
高级方案销售经理,和美（深圳）信息技术股份有限公司,20K-30K,本科
大数据工程师（智慧交通领域）,中移(上海)信息通信科技有限公司,薪资面议,本科
UI设计师,上海画心智能科技有限公司,6K-12K,大专
高级算法工程师（智慧交通领域）,中移(上海)信息通信科技有限公司,薪资面议,硕士
渠道经理,福州奥森网络科技有限公司,20K-30K,大专
项目经理(J10339),上海驻云信息科技有限公司,15K-25K,大专
新技术研究工程师（智慧交通领域）,中移(上海)信息通信科技有限公司,薪资面议,硕士
架构师（金融科技领域）,中移(上海)信息通信科技有限公司,薪资面议,本科
人力资源主管,深圳摩墅狮人工智能有限公司,6.5K-13K,本科
政府公共关系副总裁,珍岛信息技术(上海)股份有限公司,50K-80K,本科
售前产品经理（迪拜）,山南远宏科技有限公司,12K-20K,本科
软硬件产品经理,深圳奥比中光科技有限公司,13K-20K,本科
股票Alpha-PM,上海鸣熙资产管理有限公司,15K-20K,硕士
新技术研究工程师（工业能源领域）,中移(上海)信息通信科技有限公司,薪资面议,本科
Java开发工程师,上海文和信息技术有限公司,12K-18K,本科
AI工程师（算法工程师）,三一集团,25K-50K,硕士
董事长秘书,杭州五色云文化传播有限公司,6K-8K,中专
运营专员,深圳摩墅狮人工智能有限公司,7K-12K,本科
项目组长（电网业务）,远光软件股份有限公司,15K-20K,本科
自然语言处理工程师,上海科技发展有限公司,18K-35K,硕士
招聘专家,上海高仙自动化科技发展有限公司,20K-30K,本科
国内资深专利代理人（半导体领域）,北京博思佳知识产权代理有限公司,20K-40K,本科
总经理助理,杭州五色云文化传播有限公司,10K-15K,大专
高级新技术研究工程师（智慧交通领域）,中移(上海)信息通信科技有限公司,薪资面议,硕士
产品经理,上海中信信息发展股份有限公司,12K-16K,本科
副总经理,杭州五色云文化传播有限公司,20K-30K,本科
会计助理,上海荷福人工智能科技(集团)有限公司,4K-5K,中专
市场经理,深圳摩墅狮人工智能有限公司,10K-20K,本科
培训专员,上海优必杰教育科技有限公司,8K-10K,本科
机器学习算法工程师,上海港南建设工程有限公司,20K-40K,本科
大客户销售经理,深圳摩墅狮人工智能有限公司,15K-30K,本科
编程课程开发/机器人教育老师（小学初中）,上海优必杰教育科技有限公司,6K-12K,本科
软件工程师,上海九高节能技术股份有限公司,6K-8K,本科
9S01,中国科学院上海微系统与信息技术研究所,7.5K-15K,硕士
软件开发工程师（算法/PHP/JAVA）,上海墨灿网络科技有限公司,13K-16K,本科
技术合作伙伴拓展经理,优刻得科技股份有限公司,20K-40K,本科
Manager, Application Engineering,江森自控(中国)投资有限公司,25K-35K,学历不限
财务助理,上海深至信息科技有限公司,12K-13K,本科
解决方案经理,特斯联(北京)科技有限公司,20K-30K,本科
呼叫中心英语客服主管,北京互联企信信息技术有限公司上海分公司,8K-12K,大专
产品工程师,升宝节能技术(上海)有限公司,6K-10K,本科
上海分公司人力资源总监,北京锐仕方达人力资源集团有限公司柳州分公司,15K-20K,本科
会议会展销售,上海华昂商务咨询有限公司,6K-8K,大专
高级销售经理,珠海世纪鼎利科技股份有限公司,15K-20K,本科
校企合作专员/主管 (MJ002008),上海依图网络科技有限公司,15K-30K,本科
助理数据分析师（实习）,知才(上海)信息技术有限公司,4K-6K,中专
光电系统及检测设备研发工程师,江苏医联生物科技有限公司,7.5K-15K,硕士
产品经理,上海百途归一智能科技有限公司,12K-24K,本科
海外技术支持经理,升宝节能技术(上海)有限公司,15K-25K,本科
图像处理算法工程师（机器人AI方向）,维坤智能科技(上海)有限公司,15K-30K,硕士
STEM课程研发专员,爱贝迪教育科技有限公司,10K-15K,大专
猎头顾问/Consultant,上海即沃企业管理咨询有限公司,8K-10K,本科
软件销售,小满科技上海运营中心,8K-10K,大专
后台软件开发工程师,杭州宇宙企业管理有限公司,10K-15K,本科
产品支持经理,升宝节能技术(上海)有限公司,10K-15K,本科
边缘计算需求分析工程师,安徽科大国创云网科技有限公司,8K-12K,大专
培训专员（师训老师）,上海优必杰教育科技有限公司,7K-10K,本科
电子工程师,上海进禹科技有限公司,7K-10K,本科
青少年科技创课机器人硬件研发师,爱贝迪教育科技有限公司,15K-20K,大专
现场项目助理(机电) (职位编号：2017-001),上海环能新科节能科技股份有限公司,6K-8K,学历不限
市场专员/媒介专员,上海华昂商务咨询有限公司,6K-8K,本科
销售人员（双休+五险一金）,上海骏桥电子科技有限公司,6K-8K,大专
内勤文员+不加班,上海慧计信息技术有限公司,4K-8K,大专
资深软件开发工程师,中国科学院上海高等研究院,16K-25K,硕士
销售总监/经理 医疗,北京青燕祥云科技有限公司,20K-40K,本科
ui设计师,上海游轩互联网科技有限公司,10K-15K,学历不限
人事HR助理,上海深至信息科技有限公司,12K-13K,本科
（总部）产品经理,上海源耀生物股份有限公司,15K-20K,本科
招商专员,上海闳照文化传媒有限公司,6K-8K,中专
产品推广助理,上海深至信息科技有限公司,12K-15K,本科
销售助理,深圳摩墅狮人工智能有限公司,6K-8K,本科
市场主管,深圳摩墅狮人工智能有限公司,6K-12K,本科
销售工程师,深圳摩墅狮人工智能有限公司,8K-15K,本科
课程顾问,桑博企业管理(上海)有限公司,15K-20K,大专
设计院推广,深圳摩墅狮人工智能有限公司,6K-10K,大专
新媒体运营,深圳摩墅狮人工智能有限公司,6K-9K,大专
临床科研专家,上海深博医疗器械有限公司,10K-20K,硕士
分子生物学研究员,冰洲石生物科技(上海)有限公司,10K-15K,本科
市场专员,深圳摩墅狮人工智能有限公司,6K-8K,大专
服装技术实习生,唯衣(上海)网络科技有限公司,2K-3K,本科
报关销售P3,宁波易豹网络科技有限公司,6K-8K,大专
市场推广,深圳摩墅狮人工智能有限公司,6K-9K,大专
信息安全认证,中标通国际认证(深圳)有限公司,20K-30K,本科
信息安全认证,中标通国际认证(深圳)有限公司,20K-30K,本科
信息安全认证,中标通国际认证(深圳)有限公司,20K-30K,本科
实习生,央建科技股份有限公司,4K-6K,大专
班主任,桑博企业管理(上海)有限公司,8K-15K,大专
客服专员,上海闳照文化传媒有限公司,6K-8K,大专
市场地推兼职（上海市浦东新区张杨北路校区）,南京优必学教育科技有限公司,2K-4K,大专
销售CC（上海市浦东新区张杨北路校区）,南京优必学教育科技有限公司,8K-10K,大专
高级销售经理（数据产品、广告监测产品）,北京国双科技有限公司,15K-20K,本科
店员,上海麦迪睿医疗科技集团有限公司,4K-6K,中专
大数据开发工程师,特斯联(北京)科技有限公司,15K-20K,本科
上海销售经理,数据堂(北京)科技股份有限公司,10K-15K,本科
外贸 国际峰会 会议销售 英文专业 会展,上海华昂商务咨询有限公司,6K-8K,大专
客服专员+五险一金+做五休二,上海隆长信息技术有限公司,6K-8K,大专
政府项目申报专员助理,上海悉凡知识产权代理有限公司,5K-10K,本科
运营总监-上海-00847,卫宁健康科技集团股份有限公司,50K-70K,本科
AI开发工程师,上海科技发展有限公司,10K-15K,本科
华东区销售总监,珠海世纪鼎利科技股份有限公司,20K-30K,本科
少儿编程老师（上海优必学校区）,南京优必学教育科技有限公司,6K-10K,大专
全栈工程师,河南八六三软件股份有限公司,20K-35K,本科
数据分析与建模（初中高）,合肥新华海信息技术有限公司,13K-25K,本科
高级培训总监,珍岛信息技术(上海)股份有限公司,15K-30K,本科
渠道销售总监,珠海世纪鼎利科技股份有限公司,20K-30K,本科
数据分析师,中智上海经济技术合作有限公司,25K-33K,本科
创新 企划,上海喜士多便利连锁有限公司,5K-10K,大专
投资经理-上海徐汇-01786,网宿科技,20K-30K,本科
技术总监,上海志鑫信息技术有限公司,15K-20K,本科
高级新技术研究工程师（工业能源领域）,中移(上海)信息通信科技有限公司,薪资面议,硕士
AI实习岗,上海临港新片区,薪资面议,学历不限
ue交互设计师,上海科之锐人才咨询有限公司北京分公司,8K-10K,本科
政府公共关系总监,珍岛信息技术(上海)股份有限公司,30K-50K,本科
国内资深专利代理人 通信/计算机/互联网/图像处理/机电/半导体,北京博思佳知识产权代理有限公司,20K-40K,本科
ISO20000信息技术服务管理体系审核员,挪亚检测认证集团有限公司,15K-20K,本科
医学文案策划,万达信息股份有限公司,10K-15K,硕士
英语老师,上海快招信息技术有限公司,8K-10K,大专
IT工程师、软件工程师、项目管理、对日开发工程师,济南特利欧信息科技有限公司,1K以下,大专
IT经理,湖北楚天香妆生物科技有限公司,18K-30K,本科
售前,讯鸟软件有限公司,10K-15K,本科
社群运营经理,科沃斯机器人股份有限公司,15K-20K,本科
售前工程师,讯鸟软件有限公司,10K-15K,本科
自然语言处理工程师NLP,北京车音网科技有限公司,16K-30K,本科
RPA销售经理,上海天畅信息技术有限公司,10K-20K,本科
产品助理,万达信息股份有限公司,6K-12K,大专
1111JE-债券研究员（上海）,平安科技(深圳)有限公司,薪资面议,硕士
资深培训经理,珍岛信息技术(上海)股份有限公司,10K-20K,本科
售前工程师（金融/制造业）,北京富通东方科技有限公司,15K-20K,本科
产品经理,上海赵涌信息技术有限公司,20K-30K,本科
销售专员,上海闳照文化传媒有限公司,4K-6K,大专
项目经理,远光软件股份有限公司,10K-15K,本科
ISO27000信息安全管理体系审核员,挪亚检测认证集团有限公司,15K-20K,本科
研发总监,上海图聘网络科技有限公司,41K-50K,本科
软件研发工程师（计算机视觉）实习生,ABB,薪资面议,本科
.NET中级开发工程师,飞驰镁物(北京)信息服务有限公司,15K-20K,本科
大数据算法工程师,上海友塔网络科技有限公司,30K-50K,本科
文案采编 （记者，坐标上海）,上海启传锐博公关顾问有限公司,10K-15K,本科
软件算法工程师,上海品奇数码科技有限公司,9K-15K,本科
解决方案部部门主管,上海优必杰教育科技有限公司,18K-25K,本科
FPGA开发工程师,方一信息科技(上海)有限公司,15K-30K,本科
AI视光销售负责人,大恒新纪元科技股份有限公司,10K-15K,大专
ui设计师,上海科之锐人才咨询有限公司北京分公司,10K-15K,本科
数据分析师,霓蝶(上海)医疗科技有限公司,20K-30K,本科
自然语言处理实习生,北京推文信息科技有限公司,5K-8K,本科
科技项目申报专员,上海千公投资管理有限公司,10K-15K,大专
猎头顾问管培生,米聘(上海)网络科技有限公司,4K-8K,本科
项目经理,唯衣(上海)网络科技有限公司,2K-2.4K,本科
BU产品经理,特斯联(北京)科技有限公司,20K-30K,本科
数据服务项目经理,文思海辉技术有限公司 Pactera Technology International Limited,薪资面议,本科
行业研究员,二十一世纪晨哨数据(上海)有限公司,8K-10K,本科
资深研发工程师（AI）,烽火通信科技股份有限公司,薪资面议,本科
图像处理算法工程师,北昂医疗器械(上海)有限公司,13K-22K,本科
Web全栈工程师(001997),中科创达软件股份有限公司,20K-30K,本科
社群运营,合肥玖米诺电子商务有限公司,8K-10K,大专
系统工程师（图像算法方向）,上海导向医疗系统有限公司,17K-25K,硕士
技术经理,上海律桐智能信息科技有限公司,10K-15K,本科
python实习生,上海内威职业技能培训学校,8K-10K,学历不限
深度学习算法工程师（图像、视频方向）,中星微电子有限公司,18K-25K,本科
阿里巴巴国际站高级客户经理,上海继橙网络科技有限公司,8K-15K,大专
深度学习算法工程师（图像、视频方向）,中星微电子有限公司,15K-20K,本科
达摩院计算技术实验室-芯片研究科学家-上海,阿里巴巴集团,薪资面议,本科
ZN-025-资深撰稿（文案策划）,上海金堂置业有限公司,15K-25K,本科
特性测试工程师,华为技术有限公司,薪资面议,学历不限
深度学习算法实习生（图像、视频方向）,中星微电子有限公司,4K-6K,本科
广告系统AI工程师 - CV/NLP/机器学习方向,北京字节跳动科技有限公司,25K-50K,本科
QC专家,拉扎斯网络科技(上海)有限公司,15K-20K,本科
【睿智合创（北京）科技有限公司】短期校园大使,睿智合创(北京)科技有限公司,1K-2K,本科
1111JI-地方政府经济研究员（上海）,平安科技(深圳)有限公司,薪资面议,硕士
阿里巴巴国际站客户经理,上海继橙网络科技有限公司,10K-15K,大专
算法工程师,上海喜塑电子科技有限公司,15K-20K,硕士
java大数据开发,深圳华云信息系统有限公司,10K-20K,本科
销售总监,北京容联易通信息技术有限公司,15K-30K,本科
解决方案工程师,迪乐姆,8K-10K,本科
图像算法工程师,湖南快乐阳光互动娱乐传媒有限公司,20K-40K,本科
创新 顾客 服务,上海喜士多便利连锁有限公司,5K-10K,大专
1221HK-金服稽核高级UE开发工程师,深圳平安综合金融服务有限公司,薪资面议,本科
AI算法工程师2768,紫光展锐,15K-30K,硕士
金融销售+期货+底薪4800,上海屿图信息科技中心,10K-15K,大专
渠道销售经理,珠海世纪鼎利科技股份有限公司,15K-20K,本科
嵌入式算法工程师,中国科学院上海高等研究院,10K-15K,硕士
系统工程师2783,紫光展锐,20K-40K,本科
大数据开发工程师（2020届校招）,上海爱数信息技术股份有限公司,10K-15K,硕士
课程开发,上海优必杰教育科技有限公司,8K-10K,大专
AI 算法专家（SE）,湖南国科微电子股份有限公司,30K-50K,本科
金融行业+客户专员+底薪5800+周末双休,上海屿图信息科技中心,10K-15K,大专
硬件技术工程师2809,紫光展锐,15K-25K,本科
AI工程师,立信会计师事务所（特殊普通合伙）,15K-20K,本科
销售经理,珠海世纪鼎利科技股份有限公司,8K-10K,本科
销售总监,上海炫晟家电销售中心,15K-30K,大专
驻校科学家,上海包玉刚实验学校,10K-20K,博士
算法工程师,上海小持智能科技有限公司,10K-15K,硕士
上市公司+客户专员+底薪4800+周末双休,上海屿图信息科技中心,10K-15K,大专
售前工程师售前技术支持,上海迈外迪网络科技有限公司北京分公司,12K-24K,大专
算法工程师（机器学习） 心电信号处理,上海会坚商务咨询有限公司,7K-12K,硕士
项目管理,深圳市商汤科技有限公司,30K-50K,本科
医疗AI行业销售实习生（上海）,北京郁金香伙伴科技有限公司,4K-6K,大专
STEM教研经理,爱贝迪教育科技有限公司,15K-20K,本科
O2O 达人,上海喜士多便利连锁有限公司,5K-10K,大专
算法工程师（2020届校招）,上海爱数信息技术股份有限公司,10K-15K,硕士
装饰机电设计师,上海市室内装潢工程有限公司,6K-8K,学历不限
中证资本-期权交易员,中信期货有限公司,15K-30K,硕士
非标机械设计/设备开发/电气设计/上位机开发/机器视觉/图像处理,超睿电子(深圳)有限公司,9K-18K,大专
1111JH-房地产行业研究员（上海）,平安科技(深圳)有限公司,薪资面议,硕士
1111JJ-宏观经济研究员（上海）,平安科技(深圳)有限公司,薪资面议,硕士
AI Lab实习生 - 计算机视觉,北京字节跳动科技有限公司,6K-10K,本科
 2020届应届毕业生岗,兴业银行股份有限公司,薪资面议,硕士
数据产品平台岗,招商银行,薪资面议,本科
深度学习算法工程师-实习生,唯衣(上海)网络科技有限公司,3.6K-4K,本科
报关员,宁波易豹网络科技有限公司,10K-15K,大专
1121PJ-作曲/编曲-AI音乐项目,平安科技(深圳)有限公司,薪资面议,本科
资深研发工程师（大数据）,烽火通信科技股份有限公司,薪资面议,本科
金融公司 期货专员 底薪6K 月薪2万 福利好,敬悦商务（上海总部）,10K-15K,大专
数据挖掘工程师,上海慧向实业发展有限公司,25K-35K,本科
机电商务,上海荷福人工智能科技(集团)有限公司,10K-15K,大专
农业设备信息化集成解决方案工程师-03427,博彦科技股份有限公司,12K-15K,本科
头条实验室工程师 - 计算机视觉,北京字节跳动科技有限公司,25K-50K,本科
39218G-系统架构师,平安医疗健康管理股份有限公司,薪资面议,本科
农业设备信息化集成解决方案工程师-03428,博彦科技股份有限公司,10K-15K,本科
头条实验室算法工程师 - 自然语言理解,北京字节跳动科技有限公司,25K-50K,本科
产品专员,上海易推信息科技有限公司,8K-10K,本科
bi实施顾问(上海）,北京数钥科技有限公司,10K-15K,本科
安防销售代表,旭辉卓越健康信息科技有限公司,7K-10K,大专
python高级大数据开发工程师,阿基米德(上海)传媒有限公司,15K-20K,本科
大客户经理,上海挚纵星软件有限公司,8K-10K,大专
期货客户专员 底薪4800-6000 提成另算,敬悦商务（上海总部）,10K-15K,大专
4SW12机器学习算法工程师,中国科学院上海微系统与信息技术研究所,7K-14K,本科
代招：图数据库/Graphic database director,米聘(上海)网络科技有限公司,100K-150K,博士
软件工程师/项目经理,上海律桐智能信息科技有限公司,10K-15K,本科
HRBP（销售部门） (MJ001744),上海依图网络科技有限公司,25K-50K,本科
金融销售+底薪5800+周末双休,上海屿图信息科技中心,10K-15K,大专
图像处理算法与应用工程师,中国科学院上海微系统与信息技术研究所,10K-20K,本科
产品经理,旻投电力发展有限公司,10K-15K,本科
首席技术官或技术总监,上海古怡企业管理咨询有限公司,50K-90K,硕士
青浦区+金融期货+客户专员+底薪4800,上海屿图信息科技中心,10K-15K,大专
大客户销售经理,常州积奇网络科技有限公司,8K-16K,大专
JAVA开发工程师,美数信息科技(上海)有限公司,15K-25K,本科
期货开户专员 底薪5000+提成【网销+电销】,敬悦商务（上海总部）,10K-15K,大专
上海分公司副总经理,北京沃丰时代数据科技有限公司,30K-50K,本科
金融销售+期货产品+底薪5800+周末双休,上海屿图信息科技中心,10K-15K,大专
高级政府关系总监 医疗,北京青燕祥云科技有限公司,20K-30K,本科
人事行政综合岗(上海）,浙江清华长三角研究院,10K-15K,本科
风控模型开发,添正信息科技(上海)有限公司,15K-20K,本科
前端工程师,美数信息科技(上海)有限公司,10K-20K,本科
金融行业+客户专员+销售代表+底薪4800,上海屿图信息科技中心,10K-15K,大专
金融销售+期货+客户专员+底薪4800,上海屿图信息科技中心,10K-15K,大专
上市公司 期货专员 底薪6K 月薪2万 5险1金,敬悦商务（上海总部）,10K-15K,大专
金融销售+底薪5800+周末双休,上海屿图信息科技中心,10K-15K,大专
金融行业+销售代表+底薪5800+周末双休,上海屿图信息科技中心,10K-15K,大专
期货金融销售/底薪4800/周末双休,上海屿图信息科技中心,10K-15K,大专
期货专员 底薪5K+提成 餐补,敬悦商务（上海总部）,10K-15K,大专
期货客户专员 底薪4800-6000+五险一金,敬悦商务（上海总部）,10K-15K,大专
期货客户专员 月薪12000-18000+双休,敬悦商务（上海总部）,10K-15K,大专
无责底薪4.8K+岗位津贴1K+提成 聘客户专员,敬悦商务（上海总部）,10K-15K,大专
金融销售+底薪4800+周末双休,上海屿图信息科技中心,10K-15K,大专
期货客户专员 底薪4800-6000+提成+做五休二,敬悦商务（上海总部）,10K-15K,大专
金融行业+客户专员+底薪5800+周末双休,上海屿图信息科技中心,10K-15K,大专
上市公司 期货专员 月薪2万  福利好,敬悦商务（上海总部）,10K-15K,大专
金融销售+底薪4800+周末双休,上海屿图信息科技中心,10K-15K,大专
金融期货+客户专员+周末双休,上海屿图信息科技中心,10K-15K,大专
金融行业+客户专员+底薪4800+周末双休,上海屿图信息科技中心,10K-15K,大专
金融上市公司客户专员 底薪6K月薪2K5险1金,敬悦商务（上海总部）,10K-15K,大专
青浦区+金融销售+底薪4800+周末双休,上海屿图信息科技中心,10K-15K,大专
金融上市公司 客户专员 月薪2万工作餐,敬悦商务（上海总部）,10K-15K,大专
期货专员 底薪5K+提成 ,敬悦商务（上海总部）,10K-15K,大专
金融上市公司 客户专员 底薪6K 月薪2万,敬悦商务（上海总部）,10K-15K,大专
金融行业+销售代表+底薪5800+周末双休,上海屿图信息科技中心,10K-15K,大专
金融销售+底薪5800+周末双休,上海屿图信息科技中心,10K-15K,大专
上市公司 期货专员 底薪6K 月薪2万 5险1金,敬悦商务（上海总部）,10K-15K,大专
金融行业+课程CC+底薪6K+做五休二,上海屿图信息科技中心,10K-15K,大专
金融销售+期货+客户专员+底薪4800,上海屿图信息科技中心,10K-15K,大专
期货专员 底薪5K+提成 @虹桥世界中心,敬悦商务（上海总部）,10K-15K,大专
金融销售+底薪4800+周末双休,上海屿图信息科技中心,10K-15K,大专
期货专员 底薪5K+提成 @虹桥世界中心,敬悦商务（上海总部）,10K-15K,大专
期货金融+客户专员+底薪4800,上海屿图信息科技中心,10K-15K,大专
客户专员 底薪6000+五险一金月薪20K,敬悦商务（上海总部）,10K-15K,大专
金融上市公司 客户专员 底薪6K 月薪2万,敬悦商务（上海总部）,10K-15K,大专
JAVA+AI软件工程师实习生,上海栩溢信息科技有限公司,8K-10K,大专
高级产品经理,上海梅歌文化传播有限公司,10K-15K,本科
教研员,上海于斯网络科技有限公司,15K-20K,本科
安卓开发工程师,美数信息科技(上海)有限公司,15K-28K,本科
算法工程师,上海甜头菜电子商务有限公司,15K-20K,本科
电商运营总监,上海梅歌文化传播有限公司,10K-15K,本科
投行经理/投行总监,中泰信安基金管理有限公司,15K-30K,硕士
高级测试工程师,上海云思智慧信息技术有限公司,12K-16K,学历不限
渠道销售总监,上海梅歌文化传播有限公司,20K-30K,大专
金融行业+期货产品+销售代表+底薪5800,上海屿图信息科技中心,10K-15K,大专
人力资源经理,上海昌路实业发展有限公司,15K-20K,本科
人力资源总监,上海昌路实业发展有限公司,20K-30K,本科
产品经理,上海梅歌文化传播有限公司,8K-10K,本科
AI工程师（算法工程师）,上海檀楠信息科技有限公司,15K-20K,本科
JAVA和PHP软件开发工程师程序员,上海九牛网络科技有限公司,10K-15K,大专
商务管理（土建）,上海荷福人工智能科技(集团)有限公司,10K-15K,大专
销售经理,米聘(上海)网络科技有限公司,6K-8K,本科
社群负责人,青岛创江湖企业管理有限公司,8K-15K,本科
云服务及互联网软件工程师,泽朴医疗技术(苏州)有限公司,20K-30K,本科
销售主管,零犀(北京)科技有限公司,20K-40K,大专
APP开发经理,深圳帧观德芯科技有限公司,20K-30K,学历不限
金融销售+期货产品+底薪4800,上海屿图信息科技中心,10K-15K,大专
测试工程师,美数信息科技(上海)有限公司,12K-20K,本科
AI平台解决方案专家/经理,南京天数智芯科技有限公司,20K-40K,本科
APP运营专家,拉扎斯网络科技(上海)有限公司,20K-30K,本科
ai工程师,上海科技发展有限公司,10K-15K,硕士
产品应用工程师,上海新时达电气股份有限公司,10K-20K,本科
土建预算员,上海荷福人工智能科技(集团)有限公司,8K-12K,大专
AI Leader,上海科技发展有限公司,50K-70K,博士
销售,上海一勤信息技术有限公司,15K-30K,大专
高级硬件产品经理（语音产品） (MJ001748),上海依图网络科技有限公司,15K-30K,本科
期货客户专员 底薪4800-6000 提成另算,敬悦商务（上海总部）,10K-15K,大专
期货电话销售 底薪5K+提成  餐补,敬悦商务（上海总部）,10K-15K,大专
市场推广（自动化行业）,上海神弋智能科技有限公司,6K-8K,学历不限
媒介经理-消费者事业群-上海,科大讯飞股份有限公司,12K-22K,本科
高级平面设计师,上海梅歌文化传播有限公司,6K-8K,本科
金融销售+底薪4800+周末双休,上海屿图信息科技中心,10K-15K,大专
IT AI工程技术经理,百胜中国,20K-40K,本科
图像算法工程师[上海],视微影像(河南)科技有限公司,15K-30K,本科
上市公司+客户专员+底薪5800+周末双休,上海屿图信息科技中心,10K-15K,大专
电话销售代表精英业务员,上海九牛网络科技有限公司,6K-8K,大专
web前端开发工程师,六七八九科技发展有限公司,8K-10K,本科
强电工程师,上海荷福人工智能科技(集团)有限公司,10K-15K,大专
技术预研工程师,中兴通讯股份有限公司,薪资面议,硕士
销售总监,六七八九科技发展有限公司,30K-50K,硕士
软件开发工程师（计算机视觉产品） (MJ001787),上海依图网络科技有限公司,15K-30K,本科
AI&大数据架构师,上海挚纵星软件有限公司,10K-15K,本科
JAVA开发工程师,上海唯享科技有限公司,8K-12K,本科
经执委-数据产品研发中心-金融工程分析师岗,国金证券股份有限公司,15K-20K,硕士
 嵌入式软件资深工程师(算法移植) ,广州小鹏汽车科技有限公司,25K-35K,本科
眼科产品经理,任仕达企业管理(上海)有限公司深圳分公司,20K-30K,本科
算法Leader,上海瀚纳仕人才管理咨询有限公司,薪资面议,本科
客户联系中心-项目管理岗,太平金融科技服务(上海)有限公司,10K-15K,本科
AI工程师-机器视觉,红星美凯龙家居集团股份有限公司,20K-35K,本科
数据平台工程师,上海瀚纳仕人才管理咨询有限公司,薪资面议,本科
Node.js开发主管（RPA机器人）,上海洞识信息科技有限公司,20K-30K,大专
APP高级软件开发工程师,深圳帧观德芯科技有限公司,20K-30K,学历不限
高级工程师,旻投电力发展有限公司,5K-10K,本科
输入法产品经理(001756),上海基分文化传播有限公司,20K-35K,本科
数据分析工程师 （上海ZHYY-004） ,上海市住房保障和房屋管理局人才服务考核评价中心,10K-15K,硕士
产品运营总监,上海梅歌文化传播有限公司,10K-15K,本科
视觉算法工程师,上海夷睿企业管理咨询中心(有限合伙),20K-30K,本科
算法工程师,震坤行工业超市(上海)有限公司,18K-30K,本科
技术总监,上海捷办网络技术有限公司,18K-35K,本科
天猫淘宝美工/图片平面设计师,上海九牛网络科技有限公司,4K-6K,大专
计算机专业大学教师（大数据应用与技术方向）,上海东海职业技术学院,6K-8K,硕士
项目经理,华夏芯(北京)通用处理器技术有限公司,15K-25K,本科
健康医疗 – 解决方案经理 / 资深解决方案架构师,中电健康云科技有限公司,20K-30K,本科
行政人事,山东企联信息技术股份有限公司,4K-7K,大专
金融编辑/财经编辑,上海桥之队教育科技有限公司,4K-7K,大专
自动控制建模及算法工程师,中交疏浚技术装备国家工程研究中心有限公司,20K-25K,硕士
高级产品结构工程师,上海梅歌文化传播有限公司,15K-20K,本科
运营助理,上海梅歌文化传播有限公司,4K-6K,大专
招聘经理,上海昌路实业发展有限公司,20K-30K,本科
机械工程师,爱布(上海)人工智能科技有限公司,7K-9K,学历不限
猎头顾问/助理,上海昌路实业发展有限公司,8K-10K,大专
高级渠道经理,上海梅歌文化传播有限公司,10K-15K,本科
猎头顾问,上海昌路实业发展有限公司,10K-15K,大专
销售代表/销售顾问,上海继橙网络科技有限公司,8K-10K,大专
3D视觉架构师（上海）,北京高信达通信科技股份有限公司,18K-22K,本科
售前工程师（偏海外市场）,上海安维尔信息科技股份有限公司,15K-30K,本科
售前工程师,上海安维尔信息科技股份有限公司,15K-25K,本科
医学图像标注专家,视微影像(河南)科技有限公司,8K-10K,本科
乐高机器人教师/培训师/6-16岁机器人老师,泊思地(上海)教育培训有限公司,8K-10K,本科
资深客服经理 - 26年金融集团,相卫集团发展有限公司,15K-20K,本科
AI项目销售专员,上海曼帝思创新科技有限责任公司,6K-8K,大专
技术总监,上海元教教育科技有限公司,20K-35K,本科
文案项目助理,上海庆元豊投资管理有限公司,8K-16K,大专
战略合作伙伴,上海观谷科技有限公司,1K-2K,学历不限
产品运营专员/主管 ,重庆筑智建建筑科技有限公司,9K-14K,本科
图像算法工程师,上海创和亿电子科技发展有限公司,20K-30K,本科
量化策略研究员,上海倍享金融信息服务有限公司,20K-30K,硕士
量化策略员/程序员,上海大筝资产管理有限公司,15K-20K,本科
设计总监/首席设计师,上海梅歌文化传播有限公司,20K-30K,大专
图像处理软件工程师,泽朴医疗技术(苏州)有限公司,18K-30K,硕士
BD经理（上海）,上海安维尔信息科技股份有限公司,20K-35K,大专
品牌市场推广专家（医疗科技类）,深圳帧观德芯科技有限公司,15K-20K,学历不限
金融科技研究员（应届或实习）-YEX,上海美莱投资管理有限公司,6K-8K,本科
销售主管,深圳市加推科技有限公司,10K-15K,大专
工程师架构师,上海旭未国际贸易有限公司,60K-70K,学历不限
解决方案专家（公安行业）,郑州三友软件科技有限公司,20K-30K,本科
算法工程师,上海邮乐网络技术有限公司,15K-20K,本科
期权策略研究员,上海倍享金融信息服务有限公司,30K-50K,硕士
深度学习算法工程师,上海锋飞智能科技有限公司,20K-30K,本科
产品经理,江西鉴真防务技术有限公司,6K-10K,本科
分析师,上海意略明数字科技股份有限公司,10K-15K,学历不限
数据采集工程师,上海酷弈机器人有限公司,6K-8K,大专
软件销售经理,沈阳雅译网络技术有限公司,18K-25K,大专
图像处理工程师,上海水象网络科技有限公司,20K-40K,本科
网络工程师,杭州五色云文化传播有限公司,6K-8K,本科
算法团队技术专家/技术总监,上海谋世企业管理有限公司,50K-70K,硕士
算法工程师【2020届校招】,上海友塔网络科技有限公司,8K-16K,本科
APP产品经理,深圳帧观德芯科技有限公司,20K-30K,学历不限
c++工程师,旭辉卓越健康信息科技有限公司,20K-25K,本科
计算机系老师,上海工商职业技术学院,8K-10K,硕士
业务分析助理,上海思贤信息技术股份有限公司,3.5K-4.5K,大专
计算机视觉算法工程师,上海夷睿企业管理咨询中心(有限合伙),20K-40K,本科
行业销售经理,上海迈高网络技术有限公司,8K-10K,大专
咨询顾问,上海合合信息科技发展有限公司,15K-20K,本科
文章编辑,上海桥之队教育科技有限公司,1K-2K,学历不限
融合算法工程师,常州悦航企业管理咨询有限公司,20K-30K,本科
大客户销售/销售经理（软件）,上海咏绎仪器仪表有限公司,5K-10K,本科
AI中心实习生,上海福赛特机器人有限公司,2K-4K,大专
猎头合伙人,上海昌路实业发展有限公司,20K-30K,本科
算法工程师,上海黑瞳信息技术有限公司,20K-25K,本科
算法工程师,上海物联网有限公司,8K-16K,硕士
大数据开发工程师（大型国企上海分公司）,广州汇智通信技术有限公司,15K-20K,本科
销售工程师,上海思慧德安防设备有限公司,5K-8K,大专
大客户经理,上海译牛科技有限公司,15K-20K,学历不限
高级图像算法工程师,上海夷睿企业管理咨询中心(有限合伙),20K-40K,本科
高级产品设计师,上海梅歌文化传播有限公司,6K-8K,本科
市场营销部上海（南京）办事处总监  ,北京玖瑞科技有限公司,15K-25K,本科
智慧家居推广销售总监,昆山英莱特电子科技有限公司,100K-150K,本科
策略研究员,上海火线资产管理有限公司,15K-20K,本科
项目经理,上海明暄股权投资基金管理有限公司,20K-30K,本科
售前顾问/售前经理（智慧软件）,上海云思智慧信息技术有限公司,10K-20K,本科
股东合伙人/技术研发软件工程师程序员,上海九牛网络科技有限公司,20K-30K,本科
机器学习算法工程师,上海麦信数据科技有限公司,15K-20K,本科
行业研究员,上海市数字证书认证中心有限公司,15K-25K,硕士
算法工程师,旭辉卓越健康信息科技有限公司,20K-30K,本科
研究员助理,上海声瀚信息科技有限公司,15K-30K,学历不限
电商平台系统架构总监,昆山英莱特电子科技有限公司,100K-150K,本科
数据分析师,上海万位数字技术有限公司,20K-30K,本科
系统架构师,上海明暄股权投资基金管理有限公司,40K-60K,大专
研发总监,旭辉卓越健康信息科技有限公司,30K-50K,本科
博士后,上海米健信息技术有限公司,15K-20K,博士
销售经理/总监,北京云迹科技有限公司,8K-15K,本科
技术主管,上海银众网络信息技术发展有限公司,10K-15K,本科
解决方案咨询顾问,上海合合信息科技发展有限公司,15K-25K,本科
市场BD经理,北京德才仕科技有限公司,30K-60K,本科
视觉算法工程师（实习生）,上海甜头菜电子商务有限公司,4K-6K,本科
大数据开发工程师（spark）,上海领鸟信息科技有限公司,10K-18K,本科
大数据开发工程师（spark）,上海领鸟信息科技有限公司,10K-18K,本科
（兼职）培训实施助理-上海急聘,中讯环亚(北京)科技有限公司,6K-8K,学历不限
计算机科学与技术,上海临港新片区,薪资面议,学历不限
软件工程,上海临港新片区,薪资面议,学历不限
计算机科学与技术，物联网，物流管理与工程,上海临港新片区,薪资面议,学历不限
AI算法工程师,上海临港新片区,薪资面议,学历不限
物流工程专业教师,上海临港新片区,薪资面议,博士
精益生产工程师,上海临港新片区,薪资面议,学历不限
架构师,上海技蕴佳智能科技有限公司,8K-10K,大专
区域销售经理,陕西渭南神州德信医学成像技术有限公司,15K-20K,大专
销售经理/总监,上海安维尔信息科技股份有限公司,15K-25K,大专
培训产品经理,曙光信息产业（北京）有限公司,15K-20K,硕士
ISO27000信息安全管理体系审核员,启真检测认证(上海)有限公司,15K-20K,本科
JAVA软件开发程序员,上海九牛网络科技有限公司,8K-12K,本科
售前工程师,深圳市一号互联科技有限公司,15K-20K,本科
 语义数据编辑,上海互问信息科技有限公司,4.5K-6K,本科
项目申报专员,上海润物信息科技有限公司,8K-10K,大专
服装设计师,唯衣(上海)网络科技有限公司,2K-3K,本科
CTO,上海冠萌达商务信息咨询有限公司,25K-50K,本科
产品经理,弈人(上海)科技有限公司,6K-12K,本科
办公室助理,上海互问信息科技有限公司,4.5K-6K,大专
培训实施专员,中讯环亚(北京)科技有限公司,2K-4K,本科
助理猎头顾问,上海昂拓企业管理有限公司,6K-8K,本科
前端开发工程师,上海媒智科技有限公司,10K-15K,本科
图像处理工程师,中企服务外包江苏有限公司,30K-50K,本科
语义编辑,上海互问信息科技有限公司,4.5K-5.9K,本科
产品经理,重庆安芯教育科技有限公司,10K-20K,本科
研发工程师（工作地点：沈阳）,沈阳上博智像科技有限公司,10K-15K,本科
AI竞赛培训师,上海曼帝思创新科技有限责任公司,8K-10K,本科
ADAS技术专家（工作地点：日本东京）,希亚思(上海)信息技术有限公司,30K-50K,硕士
AI算法实现工程师,上海中觅通信技术有限公司,20K-40K,硕士
研究员,上海声瀚信息科技有限公司,25K-50K,学历不限
医学质控专员,上海森亿医疗科技有限公司,10K-15K,本科
汽车行业专业新媒体编辑公众号编辑活动宣传编辑,上海嘉之道企业管理咨询有限公司,6K-8K,本科
猎头销售经理,上海昌路实业发展有限公司,10K-15K,大专
高级客户经理/客户经理,内蒙古广泽房地产经纪有限公司,6K-8K,大专
区域校企合作经理,江苏省未来网络创新研究院,8K-15K,本科
律师/律师助理,上海兰迪律师事务所,4K-6K,本科
图像算法工程师,上海东方激光教育文化有限公司,15K-25K,硕士
stem咨询规划总监,上海立洋教育科技(集团)有限公司,20K-30K,本科
课程研发经理,六七八九科技发展有限公司,6K-8K,本科
产品经理app移动端,世纪畅链有限责任公司,15K-20K,本科
房产销售代表底薪 8k 起,上海链家房地产经纪有限公司,8K-10K,本科
1221EP-金服稽核模型开发岗,深圳平安综合金融服务有限公司,薪资面议,本科
行业总监,上海高仙自动化科技发展有限公司,30K-50K,本科
文案策划专员-运营部,六七八九科技发展有限公司,5K-8K,本科
销售助理,旻投电力发展有限公司,5K-8K,本科
销售,上海占圣智能科技有限公司,5K-8K,中专
深度强化学习工程师,上海宝藤生物医药科技股份有限公司,15K-25K,本科
（总部）前端开发工程师,上海源耀生物股份有限公司,10K-18K,本科
招商经理,上海紫光乐联物联网科技有限公司,6K-10K,大专
销售总监,上海挚飞信息科技有限公司,20K-40K,本科
机器人运动控制算法工程师,埃视森智能科技(上海)有限公司,12K-20K,硕士
HR（薪酬）实习生,上海依图网络科技有限公司,2K-4K,本科
市场调研经理,广州筷子信息科技有限公司,15K-20K,本科
技术架构师,中国再保险（集团）公司,薪资面议,硕士
高级软件开发工程师/架构师,上海易鲸捷信息技术有限公司,20K-40K,硕士
数据库运维工程师,福建新意科技有限公司,15K-20K,大专
Java开发（决策部署）,徙木金融信息服务(上海)有限公司,15K-20K,本科
投资经理,厦门京道产业投资基金管理有限公司,10K-16K,硕士
中高级AI工程师,福建龙净环保股份有限公司,15K-25K,本科
图像算法工程师,安徽济云科技有限公司,20K-40K,本科
区域高级销售经理,北京猎豹移动科技有限公司,20K-30K,大专
产品营销实习生,上海依图网络科技有限公司,4K-6K,本科
报关销售代表,宁波易豹网络科技有限公司,8K-10K,大专
暖通工程师,北京国双科技有限公司,15K-25K,本科
猎头合伙人,米聘(上海)网络科技有限公司,8K-16K,本科
算法工程师,上海广拓信息技术有限公司,20K-30K,硕士
解决方案经理FW,公安部第三研究所,10K-18K,本科
招商经理,北京悦慧康科技有限公司,4K-6K,本科
渠道销售经理（上海/杭州）,深圳市优必选科技股份有限公司,15K-20K,本科
法务专员,优刻得科技股份有限公司,15K-30K,本科
校招-线上销售经理,优刻得科技股份有限公司,10K-20K,本科
算法工程师（2020届校园招聘）(J12001),上海二三四五网络科技有限公司,12K-20K,本科
研究工程师（LabView 软件开发）-base 新加坡,赫智科技(苏州)有限公司,15K-21K,硕士
校招-算法工程师,优刻得科技股份有限公司,15K-30K,本科
软件开发工程师,昌硕科技(上海)有限公司,6K-8K,大专
出口报关员,宁波易豹网络科技有限公司,8K-10K,大专
知识产权项目申报工程师,坤阜企业发展(上海)有限公司,8K-12K,大专
推荐算法专家,济南人资派企业管理咨询有限公司,30K-50K,本科
校园招生代理,开能教育,6K-8K,大专
猎头实习生,上海汇秒企业管理咨询事务所(有限合伙),2K-4K,本科
销售经理,北京麦克斯泰科技有限公司,6K-8K,大专
研究工程师（MCU和FPGA开发）-base 新加坡,赫智科技(苏州)有限公司,15K-21K,硕士
前端开发工程师-来店信息,上海中科新微信息科技园有限公司,16K-20K,本科
市场推广专员（医疗器械）,邃蓝智能科技(上海)有限公司,8K-12K,大专
nodejs初级研发工程师,上海灵兮信息科技有限公司,8K-15K,本科
AI算法工程师,上海福赛特机器人有限公司,15K-20K,本科
平安普惠贷款顾问,中国平安人寿保险股份有限公司上海分公司市北售后服务部,10K-15K,中专
（宝尊2020校招）开发工程师,上海宝尊电子,薪资面议,本科
Qt开发工程师,艾特城信息科技有限公司,15K-20K,本科
AI团队总监,维世(上海)投资发展有限公司,20K-40K,硕士
nodejs中级研发工程师,上海灵兮信息科技有限公司,12K-24K,大专
市场销售部（负责人/销售总监）,私享桥(上海)企业发展有限公司,8K-12K,本科
销售工程师,上海锐弘通信设备有限公司,8K-10K,大专
AI算法工程师,维世(上海)投资发展有限公司,20K-40K,本科
中小学教师（远程兼职，不限时间地点）,北京硅谷文化传媒有限公司,10K-20K,学历不限
AI软件研发经理,美能国际生物科技(深圳)有限公司上海分公司,50K-70K,本科
AI产品经理,上海谷露软件有限公司,20K-30K,本科
产品运营/用户客服,上海灵兮信息科技有限公司,4K-6K,大专
青春不迷茫-管培生、销售专员 安排住宿,上海链家房地产经纪有限公司,8K-15K,本科
新媒体行业编辑,上海嘉之道企业管理咨询有限公司,6K-8K,本科
高级销售经理,上海品质创享智能科技有限责任公司,20K-30K,本科
法律顾问/Legal Counsel,上海高迈企业管理咨询有限公司,15K-20K,本科
医疗行业销售经理,深圳视见医疗科技有限公司,15K-30K,本科
售前咨询/行销经理,上海它趣教育科技有限公司  ,8K-12K,本科
投资经理,上海安托商务信息咨询有限公司,10K-15K,本科
高级医疗器械销售经理,上海品质创享智能科技有限责任公司,20K-30K,本科
市场推广,邃蓝智能科技(上海)有限公司,8K-12K,本科
创业合伙人（职业教育）,北京赢家创新谷科技有限责任公司,30K-50K,本科
职业教育（合伙人）,北京赢家创新谷科技有限责任公司,30K-50K,大专
技术部经理,上海昌路实业发展有限公司,30K-50K,本科
资深C++软件开发工程师,上海义永商务咨询有限公司,30K-50K,本科
IT职业教育（合伙人）,北京赢家创新谷科技有限责任公司,30K-50K,大专
产品经理,绿地金融投资控股集团有限公司,20K-30K,本科
智慧教育系统产品研发总监/高级工程师,昆山英莱特电子科技有限公司,100K-150K,本科
现场技术支持工程师,北京云迹科技有限公司,8K-13K,本科
技术部经理,上海昌路实业发展有限公司,30K-50K,本科
声纹识别算法工程师,上海优猎网络科技有限公司,40K-80K,硕士
金融科技部门负责人,上海鼎修天工贸有限公司,70K-100K,学历不限
智慧医疗系统产品研发总监/高级工程师,昆山英莱特电子科技有限公司,100K-150K,本科
城市批发和渠道销售专员,大连乔依贸易有限公司,10K-15K,学历不限
实验室技术员,上海百融济生物科技有限公司,10K-15K,硕士
全国招聘教育社区团长（不限时间地点）,北京硅谷文化传媒有限公司,10K-20K,学历不限
KA总监,深圳市金伦通信有限公司,8K-15K,本科
营运总监,Hong Kong Executive Search,50K-70K,本科
项目执行/项目实施实习生,上海它趣教育科技有限公司  ,3K-4K,本科
全国诚招代理商或城市合伙人,北京智教未来科技有限公司,15K-20K,学历不限
销售顾问（网络/在线，无需坐班）,武汉开贝尔教育科技有限公司,30K-50K,学历不限
中文标注实习生（产品部）(J10355),北京云知声信息技术有限公司,2K-4K,本科
业务负责人,上海开锐交通科技有限公司,6K-12K,本科
销售顾问（网络/在线，无需坐班）,武汉开贝尔教育科技有限公司,30K-50K,学历不限
招聘专员实习生,上海纬特施企业管理咨询有限公司,2K-4K,本科
创业合伙人／高级合伙人（职业教育／国际教育／Ｋ12教育）,北京赢家创新谷科技有限责任公司,30K-50K,本科
猎头顾问/助理（急）,上海昌路实业发展有限公司,8K-10K,本科
销售经理,沈阳上博智像科技有限公司,17K-25K,大专
实习生&amp;律师助理,上海兰迪律师事务所,4K-6K,本科
猎头bd,上海昌路实业发展有限公司,10K-15K,大专
ELK架构师,上海天牧软件有限公司,20K-30K,本科
TX-信息审核员,新世纪检验认证股份有限公司,12.5K-20K,大专
Python算法工程师-上海-00079,北软互联(北京)科技有限公司,15K-20K,大专
风险建模高级工程师,万仁网络科技(上海)有限公司,20K-40K,本科
人事经理,上海灵兮信息科技有限公司,8K-12K,本科
大客户解决方案顾问,上海移品信息技术有限公司,20K-30K,本科
29215T-PMO经理（大型应用软件实施）,平安城市建设科技（深圳）有限公司,薪资面议,本科
运营会计,上海灵兮信息科技有限公司,4K-6K,大专
python开发工程师,上海冷水河信息科技有限公司,8K-15K,本科
链家高薪置业顾问+包住宿,上海链家房地产经纪有限公司,6K-8K,本科
大数据实习生,上海益攸网络科技有限公司,3K-4K,本科
金融预测策略分析师,上海启态易方投资管理有限公司,15K-20K,硕士
量化研究员,上海持赢资产管理中心(有限合伙),2K-4K,本科
知识产权工程师,上海笑溢网络科技有限公司,6K-8K,本科
行业分析师（医疗 大健康）,上海复星高科技（集团）有限公司,薪资面议,本科
算法工程师,中船重工,薪资面议,硕士
综合管理,恒大集团,薪资面议,本科
IT技术岗（科技创新应用和项目管理方向）,豫园股份,薪资面议,本科
软件工程师（算法方向）,闻泰科技,薪资面议,本科
信息科技岗（系统测试方向—上海）,浦发银行,薪资面议,本科
信息科技岗（大数据方向—上海),浦发银行,薪资面议,本科
信息科技岗（运维开发方向—上海）,浦发银行,薪资面议,本科
信息科技岗（系统开发方向—上海）,浦发银行,薪资面议,本科
信息科技岗（项目管理方向—上海),浦发银行,薪资面议,本科
信息科技岗（信息安全方向—上海),浦发银行,薪资面议,本科
信息科技岗（值班运行方向—上海）,浦发银行,薪资面议,本科
信息科技岗（创新研发方向—上海）,浦发银行,薪资面议,硕士
信息科技岗（UI设计方向—上海）,浦发银行,薪资面议,本科
信息科技岗（科技管理方向—上海）,浦发银行,薪资面议,本科
信息科技岗（架构设计方向—上海）,浦发银行,薪资面议,本科
信息科技岗（科技规划方向—上海）,浦发银行,薪资面议,本科
信息科技岗（技术研究方向—上海）,浦发银行,薪资面议,本科
信息科技岗（需求设计方向—上海）,浦发银行,薪资面议,本科
专利代理人助理,上海笑溢网络科技有限公司,4K-6K,本科
大客户经理,上海移品信息技术有限公司,15K-20K,本科
java开发工程师,上海笑溢网络科技有限公司,15K-20K,本科
java开发工程师,上海笑溢网络科技有限公司,15K-20K,本科
芯片设计工程师,上海斯毕昂德电子科技有限公司,3.5K-7K,大专
大数据开发助理工程师,智联招聘,薪资面议,学历不限
Python开发工程师,上海新技实业有限公司,10K-15K,本科
市场营销,北京和兴创联健康科技有限公司,10K-20K,本科
互联网运营,上海驿趣信息技术有限公司,10K-15K,本科
